{
  "epoch": [
    1,
    2,
    3,
    4,
    5
  ],
  "alice_bob_loss": [
    2.241054856777191,
    2.402847945690155,
    2.3476975083351137,
    2.467234218120575,
    2.517231118679047
  ],
  "bit_accuracy": [
    0.5017333984375,
    0.504638671875,
    0.5003173828125,
    0.4892578125,
    0.506884765625
  ],
  "bob_classifier_loss": [
    1.610702508687973,
    1.1199377864599227,
    1.1067701876163483,
    0.946504095196724,
    0.890095129609108
  ],
  "eve_loss": [
    1.190466269850731,
    1.179902622103691,
    1.181375303864479,
    1.1285899847745895,
    1.0564260303974151
  ]
}