{
  "epoch": [
    1,
    2,
    3,
    4,
    5
  ],
  "alice_bob_loss": [
    2.2202468037605287,
    2.3508223950862885,
    2.394378197193146,
    2.451657009124756,
    2.4891061425209045
  ],
  "bit_accuracy": [
    0.4992431640625,
    0.5064208984375,
    0.48779296875,
    0.505908203125,
    0.49971923828125
  ],
  "bob_classifier_loss": [
    1.687422063946724,
    1.2686538815498352,
    1.129642015695572,
    0.9911475151777267,
    0.8976935565471649
  ],
  "eve_loss": [
    1.1946533411741256,
    1.216329875588417,
    1.1759030282497407,
    1.154245737195015,
    1.1509007602930068
  ]
}