{
  "epoch": [
    1,
    2
  ],
  "alice_bob_loss": [
    2.16344074010849,
    2.326618826389313
  ],
  "bit_accuracy": [
    0.496759033203125,
    0.4984130859375
  ],
  "bob_classifier_loss": [
    1.5213859021663665,
    1.2287698447704316
  ],
  "eve_loss": [
    1.2111661672592162,
    1.1885826408863067
  ]
}