{
  "epoch": [
    1,
    2
  ],
  "alice_bob_loss": [
    2.2368249773979185,
    2.3972897052764894
  ],
  "bit_accuracy": [
    0.50115966796875,
    0.49918212890625
  ],
  "bob_classifier_loss": [
    1.5943632692098617,
    1.1756266832351685
  ],
  "eve_loss": [
    1.1924930840730668,
    1.1933385938405991
  ]
}