{
  "epoch": [
    1
  ],
  "alice_bob_loss": [
    2.2115777254104616
  ],
  "bit_accuracy": [
    0.50692138671875
  ],
  "bob_classifier_loss": [
    1.5530199766159059
  ],
  "eve_loss": [
    1.189204040169716
  ]
}