{
  "epoch": [
    1,
    2
  ],
  "alice_bob_loss": [
    2.202783691883087,
    2.341193950176239
  ],
  "bit_accuracy": [
    0.488812255859375,
    0.49730224609375
  ],
  "bob_classifier_loss": [
    1.463603875041008,
    1.2130769103765489
  ],
  "eve_loss": [
    1.1975648015737534,
    1.245945554971695
  ]
}