{
  "epoch": [
    1,
    2,
    3,
    4,
    5,
    6,
    7,
    8,
    9,
    10
  ],
  "alice_bob_loss": [
    2.2205714702606203,
    2.368207848072052,
    2.310070776939392,
    2.375479352474213,
    2.437252569198608,
    2.3797563314437866,
    2.5079644203186033,
    2.4386868357658384,
    2.4930805563926697,
    2.434108221530914
  ],
  "bit_accuracy": [
    0.5054931640625,
    0.50892333984375,
    0.4920166015625,
    0.50074462890625,
    0.50269775390625,
    0.50140380859375,
    0.49752197265625,
    0.4919189453125,
    0.4998291015625,
    0.503515625
  ],
  "bob_classifier_loss": [
    1.61874460875988,
    1.1797827661037446,
    1.1246190875768662,
    1.0863491892814636,
    0.9930568814277649,
    1.0193192183971405,
    0.9107656955718995,
    0.9656285226345063,
    0.8913782268762589,
    0.9346135199069977
  ],
  "eve_loss": [
    1.1653752088546754,
    1.2025582522153855,
    1.2477928400039673,
    1.1416646927595138,
    1.1722211629152297,
    1.1471635192632674,
    1.1609203666448593,
    1.1370053917169571,
    1.090911680459976,
    1.0357378095388412
  ]
}