{
  "epoch": [
    1,
    2
  ],
  "alice_bob_loss": [
    2.2292304158210756,
    2.3361576199531555
  ],
  "bit_accuracy": [
    0.49490966796875,
    0.4974609375
  ],
  "bob_classifier_loss": [
    1.6629580289125443,
    1.2766268759965897
  ],
  "eve_loss": [
    1.1887162923812866,
    1.2794845163822175
  ]
}