{
  "epoch": [
    1,
    2,
    3,
    4,
    5
  ],
  "alice_bob_loss": [
    2.2365192413330077,
    2.3402249336242678,
    2.4104585528373716,
    2.310561645030975,
    2.4981255888938905
  ],
  "bit_accuracy": [
    0.4935546875,
    0.50897216796875,
    0.4971923828125,
    0.503173828125,
    0.507763671875
  ],
  "bob_classifier_loss": [
    1.6029061079025269,
    1.175930806994438,
    1.0028172194957734,
    1.2066270500421523,
    0.917135375738144
  ],
  "eve_loss": [
    1.198971801996231,
    1.2238669902086259,
    1.154061609506607,
    1.1003381311893463,
    1.080453911423683
  ]
}