{
  "epoch": [
    1,
    2
  ],
  "alice_bob_loss": [
    2.2046886801719667,
    2.3804683566093443
  ],
  "bit_accuracy": [
    0.49718017578125,
    0.492169189453125
  ],
  "bob_classifier_loss": [
    1.7134489476680757,
    1.1532041251659393
  ],
  "eve_loss": [
    1.1948385506868362,
    1.1863778203725814
  ]
}