{
  "epoch": [
    1,
    2
  ],
  "alice_bob_loss": [
    2.257214570045471,
    2.4048231720924376
  ],
  "bit_accuracy": [
    0.50086669921875,
    0.502899169921875
  ],
  "bob_classifier_loss": [
    1.6009964734315871,
    1.1029441982507706
  ],
  "eve_loss": [
    1.1784813940525054,
    1.1876244217157363
  ]
}