{
  "epoch": [
    1
  ],
  "alice_bob_loss": [
    2.215986633300781
  ],
  "bit_accuracy": [
    0.50296630859375
  ],
  "bob_classifier_loss": [
    1.7652824819087982
  ],
  "eve_loss": [
    1.148628506064415
  ]
}